gene,asset_type,name,identifier,source_url,status,date_checked,notes,verified,verified_by,verified_at
STXBP1,natural_history_study,STXBP1 and SYNGAP1 Related Disorders (RD) Natural History Study (STARR),NCT06555965,https://clinicaltrials.gov/study/NCT06555965,RECRUITING,2026-10-04,"Sponsor: Children's Hospital of Philadelphia; collaborator on ClinicalTrials.gov: STXBP1 Foundation. PI: Ingo Helbig, MD. Estimated enrollment 600, est. completion 2028-12. Multi-gene (STXBP1 + SYNGAP1), also listed under SYNGAP1. Called STARR on stxbp1disorders.org/starr. Direct source check on 2026-10-04: title, overall status and STXBP1 presence confirmed on ClinicalTrials.gov. Both genes are named in the official title, conditions, inclusion criteria and separate study cohorts. Record last update posted: 2025-10-29.",yes,Varduhi,2026-10-04
STXBP1,natural_history_study,A Multicentric European Study to Promote Clinical Trial Readiness for STXBP1-related Disorders (ESCO),NCT06625112,https://clinicaltrials.gov/study/NCT06625112,RECRUITING,2026-10-04,"Direct primary-source review on 2026-10-04: ClinicalTrials.gov title and overall status (RECRUITING) confirmed. STXBP1 is explicitly named in identification, conditions, description, eligibility. Sponsor: European STXBP1 Consortium. Record last update posted: 2026-02-06; sponsor status last verified: 2026-02. Enrollment: 120 (estimated).",yes,Varduhi,2026-10-04
STXBP1,registry,RARE-X STXBP1 data collection platform,,https://rare-x.org/stxbp1/,enrolling,2026-10-04,"Direct primary-source review on 2026-10-04: RARE-X STXBP1 Data Collection Program title and STXBP1 scope confirmed. The live primary page offers Get Started and Login links; enrolling denotes an open data-program registration invitation, not a therapeutic trial. Original URL redirects to https://rare-x.org/stxbp1/.",yes,Varduhi,2026-10-04
STXBP1,registry,Online Study of People Who Have Genetic Changes and Features of Autism: Simons Searchlight,NCT01238250,https://clinicaltrials.gov/study/NCT01238250,RECRUITING,2026-10-04,"Sponsor: Simons Searchlight. Multi-gene registry (over 150 conditions listed on ClinicalTrials.gov); STXBP1 Encephalopathy With Epilepsy is one of them. Also listed under SCN2A and SYNGAP1. Linked patient org: STXBP1 Foundation. Direct source check on 2026-10-04: title, overall status and STXBP1 presence confirmed on ClinicalTrials.gov. STXBP1 Encephalopathy With Epilepsy, SCN2A Encephalopathy and SYNGAP1-Related Intellectual Disability are explicitly listed under Conditions. Record last update posted: 2026-07-23.",yes,Varduhi,2026-10-04
STXBP1,natural_history_study,Citizen Health STXBP1 medical-records data platform,,https://www.stxbp1disorders.org/citizen-health,enrolling,2026-10-04,"Direct primary-source review on 2026-10-04: STXBP1 Foundation explicitly describes Citizen Health as a remote medical-records natural history study and invites families to join. Gene and title confirmed; enrolling means records-program signup is offered, not an interventional trial. Historical enrollment figures are not used as current counts.",yes,Varduhi,2026-10-04
STXBP1,clinical_trial,A Clinical Trial of CAP-002 Gene Therapy in Pediatric Patients With Syntaxin-Binding Protein 1 (STXBP1) Encephalopathy,NCT06983158,https://clinicaltrials.gov/study/NCT06983158,TERMINATED,2026-10-04,"Direct primary-source review on 2026-10-04: ClinicalTrials.gov title and overall status (TERMINATED) confirmed. STXBP1 is explicitly named in identification, conditions, description, eligibility. Sponsor: Capsida Biotherapeutics, Inc.. Record last update posted: 2026-06-10; sponsor status last verified: 2026-06. Enrollment: 1 (actual). Record reason for stopping: Stopping rule for study was met The record reports termination after a stopping rule was met; this is not an enrolling gene-therapy route.",yes,Varduhi,2026-10-04
STXBP1,natural_history_study,Natural History Study in Pediatric Patients with STXBP1 Encephalopathy with Epilepsy,NCT05462054,https://clinicaltrials.gov/study/NCT05462054,WITHDRAWN,2026-10-04,"Direct primary-source review on 2026-10-04: ClinicalTrials.gov title and overall status (WITHDRAWN) confirmed. STXBP1 is explicitly named in identification, conditions, description, eligibility. Sponsor: Capsida Biotherapeutics, Inc.. Record last update posted: 2024-10-18; sponsor status last verified: 2024-10. Enrollment: 0 (actual). Record reason for stopping: Withdrawn, no patients enrolled Withdrawn before enrolling any participants; no active natural-history enrollment.",yes,Varduhi,2026-10-04
STXBP1,clinical_trial,Phenylbutyrate for Monogenetic Developmental and Epileptic Encephalopathy,NCT04937062,https://clinicaltrials.gov/study/NCT04937062,ACTIVE_NOT_RECRUITING,2026-10-04,"Direct primary-source review on 2026-10-04: ClinicalTrials.gov title and overall status (ACTIVE_NOT_RECRUITING) confirmed. STXBP1 is explicitly named in conditions, description, eligibility. Sponsor: Weill Medical College of Cornell University. Record last update posted: 2026-01-22; sponsor status last verified: 2026-01. Enrollment: 50 (estimated).",yes,Varduhi,2026-10-04
STXBP1,biomarker,Phenotyping and Identification of Biological Markers in STXBP1 Encephalopathy (FIMBEX),NCT06356233,https://clinicaltrials.gov/study/NCT06356233,NOT_YET_RECRUITING,2026-10-04,"Direct primary-source review on 2026-10-04: ClinicalTrials.gov title and overall status (NOT_YET_RECRUITING) confirmed. STXBP1 is explicitly named in identification, conditions, description, eligibility. Sponsor: Fundación Iniciativa para las Neurociencias (FINCE). Record last update posted: 2024-04-10; sponsor status last verified: 2024-04. Enrollment: 10 (estimated). Sponsor status was last verified in April 2024. Current trial readiness cannot be inferred from this old NOT_YET_RECRUITING record.",yes,Varduhi,2026-10-04
STXBP1,clinical_trial,Fenfluramine for the Treatment of Different Types of Developmental and Epileptic Encephalopathies: a Pilot Trial Exploring Epileptic and Non-epileptic Outcomes (FENDEEP),NCT05232630,https://clinicaltrials.gov/study/NCT05232630,COMPLETED,2026-10-04,"Sponsor: Hospital Ruber Internacional (Spain); collaborator Zogenix. Phase 4. PI: Antonio Gil-Nagel. Actual enrollment 20. Multi-condition (STXBP1, SYNGAP1, inv dup(15), CSWS, cortical malformations); also listed under SYNGAP1. Direct source check on 2026-10-04: title, overall status and STXBP1 presence confirmed on ClinicalTrials.gov. Both genes are named in the brief summary and conditions. Actual enrollment is 20 and actual study completion is 2024-12-31. Record last update posted: 2026-09-29.",yes,Varduhi,2026-10-04
STXBP1,natural_history_study,Gait in Rare Diseases (GAGA),NCT05161494,https://clinicaltrials.gov/study/NCT05161494,COMPLETED,2026-10-04,"Direct primary-source review on 2026-10-04: ClinicalTrials.gov title and overall status (COMPLETED) confirmed. STXBP1 is explicitly named in conditions, description. Sponsor: Universiteit Antwerpen. Record last update posted: 2026-05-07; sponsor status last verified: 2026-04. Enrollment: 41 (actual).",yes,Varduhi,2026-10-04
SCN2A,clinical_trial,A Clinical Trial of Elsunersen in Pediatric SCN2A-DEE to Assess Efficacy and Safety,NCT07019922,https://clinicaltrials.gov/study/NCT07019922,RECRUITING,2026-10-04,"Direct primary-source review on 2026-10-04: ClinicalTrials.gov title and overall status (RECRUITING) confirmed. SCN2A is explicitly named in identification, conditions, description, eligibility. Sponsor: Praxis Precision Medicines. Record last update posted: 2026-08-03; sponsor status last verified: 2026-07. Enrollment: 40 (estimated).",yes,Varduhi,2026-10-04
SCN2A,natural_history_study,"A Prospective, Remote Observational Study in Pediatric Participants With Early-Onset SCN2A-Developmental and Epileptic Encephalopathy",NCT05407727,https://clinicaltrials.gov/study/NCT05407727,COMPLETED,2026-10-04,"Direct primary-source review on 2026-10-04: ClinicalTrials.gov title and overall status (COMPLETED) confirmed. SCN2A is explicitly named in identification, conditions, description, eligibility. Sponsor: Praxis Precision Medicines. Record last update posted: 2024-01-10; sponsor status last verified: 2024-01. Enrollment: 5 (actual).",yes,Varduhi,2026-10-04
SCN2A,clinical_trial,A Clinical Trial of PRAX-562 in Subjects With Developmental and Epileptic Encephalopathies (DEE) (EMBOLD),NCT05818553,https://clinicaltrials.gov/study/NCT05818553,ACTIVE_NOT_RECRUITING,2026-10-04,"Sponsor: Praxis Precision Medicines. Phase 2/3. Conditions: SCN2A and SCN8A encephalopathy; also listed under SCN8A. Direct source check on 2026-10-04: title, overall status and SCN2A presence confirmed on ClinicalTrials.gov. Both genes are named in the detailed description, conditions and eligibility criteria. The record lists 8 sites and phases 2 and 3. Record last update posted: 2026-01-29.",yes,Varduhi,2026-10-04
SCN2A,clinical_trial,Personalized Antisense Oligonucleotide Therapy for Rare Pediatric Genetic Disease: SCN2A,NCT06314490,https://clinicaltrials.gov/study/NCT06314490,ACTIVE_NOT_RECRUITING,2026-10-04,"Direct primary-source review on 2026-10-04: ClinicalTrials.gov title and overall status (ACTIVE_NOT_RECRUITING) confirmed. SCN2A is explicitly named in identification, description. Sponsor: University of California, San Diego. Record last update posted: 2025-04-01; sponsor status last verified: 2025-03. Enrollment: 1 (actual).",yes,Varduhi,2026-10-04
SCN2A,clinical_trial,A Clinical Trial of PRAX-222 in Pediatric Participants With Early Onset SCN2A Developmental and Epileptic Encephalopathy,NCT05737784,https://clinicaltrials.gov/study/NCT05737784,ACTIVE_NOT_RECRUITING,2026-10-04,"Direct primary-source review on 2026-10-04: ClinicalTrials.gov title and overall status (ACTIVE_NOT_RECRUITING) confirmed. SCN2A is explicitly named in identification, conditions, description, eligibility. Sponsor: Praxis Precision Medicines. Record last update posted: 2026-08-03; sponsor status last verified: 2026-07. Enrollment: 60 (estimated).",yes,Varduhi,2026-10-04
SCN2A,registry,Online Study of People Who Have Genetic Changes and Features of Autism: Simons Searchlight,NCT01238250,https://clinicaltrials.gov/study/NCT01238250,RECRUITING,2026-10-04,"Sponsor: Simons Searchlight. Multi-gene registry; SCN2A Encephalopathy is one of over 150 listed conditions. Also listed under STXBP1 and SYNGAP1. Direct source check on 2026-10-04: title, overall status and SCN2A presence confirmed on ClinicalTrials.gov. STXBP1 Encephalopathy With Epilepsy, SCN2A Encephalopathy and SYNGAP1-Related Intellectual Disability are explicitly listed under Conditions. Record last update posted: 2026-07-23.",yes,Varduhi,2026-10-04
SCN2A,registry,The DRAGONFLY Study,,https://scn2a.iamrare.org/,enrolling,2026-10-04,"Direct primary-source review on 2026-10-04: The DRAGONFLY Study primary IAMRARE page explicitly describes an SCN2A patient registry, with a Register link and FamilieSCN2A sponsorship. Title, gene and public registration invitation confirmed.",yes,Varduhi,2026-10-04
SCN8A,clinical_trial,Extension Study to Evaluate How Safe and Tolerable NBI-921352 is as an Adjunctive Therapy for Participants With SCN8A-DEE,NCT05226780,https://clinicaltrials.gov/study/NCT05226780,TERMINATED,2026-10-04,"Direct primary-source review on 2026-10-04: ClinicalTrials.gov title and overall status (TERMINATED) confirmed. SCN8A is explicitly named in identification, conditions, description, eligibility. Sponsor: Neurocrine Biosciences. Record last update posted: 2026-05-27; sponsor status last verified: 2026-05. Enrollment: 8 (actual). Record reason for stopping: This study was prematurely terminated due to sponsor decision.",yes,Varduhi,2026-10-04
SCN8A,clinical_trial,Study to Evaluate NBI-921352 as Adjunctive Therapy in Subjects With SCN8A Developmental and Epileptic Encephalopathy Syndrome (SCN8A-DEE),NCT04873869,https://clinicaltrials.gov/study/NCT04873869,TERMINATED,2026-10-04,"Direct primary-source review on 2026-10-04: ClinicalTrials.gov title and overall status (TERMINATED) confirmed. SCN8A is explicitly named in identification, conditions, description, eligibility. Sponsor: Neurocrine Biosciences. Record last update posted: 2025-10-16; sponsor status last verified: 2025-09. Enrollment: 8 (actual). Record reason for stopping: This study was prematurely terminated due to sponsor decision.",yes,Varduhi,2026-10-04
SCN8A,clinical_trial,A Clinical Trial of PRAX-562 in Subjects With Developmental and Epileptic Encephalopathies (DEE) (EMBOLD),NCT05818553,https://clinicaltrials.gov/study/NCT05818553,ACTIVE_NOT_RECRUITING,2026-10-04,"Sponsor: Praxis Precision Medicines. Phase 2/3. Conditions: SCN2A and SCN8A encephalopathy; also listed under SCN2A. Direct source check on 2026-10-04: title, overall status and SCN8A presence confirmed on ClinicalTrials.gov. Both genes are named in the detailed description, conditions and eligibility criteria. The record lists 8 sites and phases 2 and 3. Record last update posted: 2026-01-29.",yes,Varduhi,2026-10-04
SCN8A,registry,International SCN8A Registry (SCN8A Registry Research Study),,https://scn8a.net/,enrolling,2026-10-04,"Direct primary-source review on 2026-10-04: International SCN8A Registry primary page names SCN8A, describes questionnaires and medical/genetic information, and provides Join Registry access. Title, gene and public registration invitation confirmed.",yes,Varduhi,2026-10-04
KCNQ2,clinical_trial,XEN496 (Ezogabine) in Children With KCNQ2 Developmental and Epileptic Encephalopathy (EPIK),NCT04639310,https://clinicaltrials.gov/study/NCT04639310,TERMINATED,2026-10-04,"Direct primary-source review on 2026-10-04: ClinicalTrials.gov title and overall status (TERMINATED) confirmed. KCNQ2 is explicitly named in identification, conditions, description, eligibility. Sponsor: Xenon Pharmaceuticals Inc.. Record last update posted: 2024-08-23; sponsor status last verified: 2024-08. Enrollment: 8 (actual). Record reason for stopping: Sponsor decision; Not a safety decision",yes,Varduhi,2026-10-04
KCNQ2,clinical_trial,An Open-Label Extension of the Study XEN496 (Ezogabine) in Children With KCNQ2-DEE (EPIK-OLE),NCT04912856,https://clinicaltrials.gov/study/NCT04912856,TERMINATED,2026-10-04,"Direct primary-source review on 2026-10-04: ClinicalTrials.gov title and overall status (TERMINATED) confirmed. KCNQ2 is explicitly named in identification, conditions, description, eligibility. Sponsor: Xenon Pharmaceuticals Inc.. Record last update posted: 2025-02-14; sponsor status last verified: 2024-12. Enrollment: 8 (actual). Record reason for stopping: Sponsor decision; not a safety decision",yes,Varduhi,2026-10-04
KCNQ2,natural_history_study,Clinical Phenotype and Omics Study of KCNQ2-related Epilepsy,NCT05157737,https://clinicaltrials.gov/study/NCT05157737,UNKNOWN,2026-10-04,"Direct primary-source review on 2026-10-04: ClinicalTrials.gov title and overall status (UNKNOWN) confirmed. KCNQ2 is explicitly named in identification, conditions, description, eligibility. Sponsor: Fudan University. Record last update posted: 2021-12-15; sponsor status last verified: 2021-12. Enrollment: 200 (estimated). Current recruitment cannot be confirmed. Last known status: RECRUITING; old estimated completion dates do not establish actual completion.",yes,Varduhi,2026-10-04
KCNQ2,natural_history_study,A Cohort Study on the Prognosis of Neonatal KCNQ2 Gene-associated Epileptic Encephalopathy,NCT03934268,https://clinicaltrials.gov/study/NCT03934268,UNKNOWN,2026-10-04,"Direct primary-source review on 2026-10-04: ClinicalTrials.gov title and overall status (UNKNOWN) confirmed. KCNQ2 is explicitly named in identification, conditions, description. Sponsor: Children's Hospital of Fudan University. Record last update posted: 2023-09-21; sponsor status last verified: 2023-09. Enrollment: 100 (estimated). Current recruitment cannot be confirmed. Last known status: RECRUITING; old estimated completion dates do not establish actual completion.",yes,Varduhi,2026-10-04
KCNQ2,natural_history_study,KCNQ2 Portal and Phenotype study,,https://redcap.uth.tmc.edu/surveys/?s=FY3KMX7T7CPN8HFT,enrolling,2026-10-04,"Direct primary-source review on 2026-10-04: KCNQ2 Cure Alliance lists KCNQ2 Portal and Phenotype under Recruiting Research Studies and links this exact REDCap form. The study collects observational phenotype data through consent, an online survey and an optional interview. Source: https://www.kcnq2cure.org/recruiting-research-studies/. Recruitment is confirmed from the foundation listing; the REDCap form itself was not accessible through the research reader.",yes,Varduhi,2026-10-04
KCNQ2,natural_history_study,KCNQ2 Speech and Feeding Study,,https://redcap.mcri.edu.au/surveys/?s=8TPPXXRERF3NRJ38,enrolling,2026-10-04,"Direct primary-source review on 2026-10-04: KCNQ2 Cure Alliance lists the Speech and Feeding Study as recruiting and links this exact REDCap interest form. Scope: individuals with KCNQ2-DEE aged six months through adulthood, with virtual assessment and surveys. Source: https://www.kcnq2cure.org/recruiting-research-studies/. Recruitment is confirmed from the foundation listing; the form itself was not accessible through the research reader.",yes,Varduhi,2026-10-04
KCNQ2,natural_history_study,Citizen Health KCNQ2 digital natural history study,,https://www.citizen.health/join/kcnq2,enrolling,2026-10-04,Direct primary-source review on 2026-10-04: KCNQ2 Cure Alliance explicitly describes Citizen Health as a digital natural history study and invites enrollment using medical records in English. The current Citizen partner page names KCNQ2 and offers Get Started; optional de-identified research sharing is separate from care-platform signup. Sources: https://www.kcnq2cure.org/recruiting-research-studies/ and this Citizen page. No dedicated NCT identifier is claimed.,yes,Varduhi,2026-10-04
KCNQ2,biomarker,KCNQ2 Biorepository (with COMBINEDBrain),,https://www.kcnq2cure.org/2026/02/25/kcnq2-biorepository/,enrolling,2026-10-04,"Direct primary-source review on 2026-10-04: KCNQ2 Cure Alliance primary announcement dated 2026-02-25 confirms its COMBINEDBrain biorepository partnership, KCNQ2 biosample collection and participation invitations. The resource is a biosample repository, not a therapeutic trial; enrolling denotes an invitation to contribute samples. Historical sample counts are not asserted as current inventory.",yes,Varduhi,2026-10-04
KCNT1,registry,KCNT1 International Registry,,https://kcnt1.iamrare.org/,enrolling,2026-10-04,"Direct primary-source review on 2026-10-04: KCNT1 International Registry primary IAMRARE page explicitly names KCNT1 and provides Register access. Title, gene and public registration invitation confirmed.",yes,Varduhi,2026-10-04
KCNT1,natural_history_study,A Natural History Study of Participants With Potassium Sodium-Activated Channel Subfamily T Member 1 (KCNT1)-Related Epilepsy (K1Te),NCT04924153,https://clinicaltrials.gov/study/NCT04924153,COMPLETED,2026-10-04,"Direct primary-source review on 2026-10-04: ClinicalTrials.gov title and overall status (COMPLETED) confirmed. KCNT1 is explicitly named in identification, conditions, description, eligibility. Sponsor: Biogen. Record last update posted: 2024-02-28; sponsor status last verified: 2024-02. Enrollment: 35 (actual).",yes,Varduhi,2026-10-04
KCNT1,clinical_trial,"A Study to Investigate the Safety, Tolerability, Pharmacokinetics, and Clinical Activity of ABS-1230 in Pediatric and Young Adult Participants With KCNT1-related Epilepsy (KYRON)",NCT07600736,https://clinicaltrials.gov/study/NCT07600736,RECRUITING,2026-10-04,"Direct primary-source review on 2026-10-04: ClinicalTrials.gov title and overall status (RECRUITING) confirmed. KCNT1 is explicitly named in identification, conditions, description, eligibility. Sponsor: Actio Biosciences, Inc.. Record last update posted: 2026-08-07; sponsor status last verified: 2026-08. Enrollment: 55 (estimated).",yes,Varduhi,2026-10-04
KCNT1,clinical_trial,"A Study to Investigate the Safety, Tolerability, and Pharmacokinetics of ABS-1230 Given Orally Compared With Placebo in Healthy Participants Aged 18 to 55 Years",NCT07156201,https://clinicaltrials.gov/study/NCT07156201,RECRUITING,2026-10-04,"Direct primary-source review on 2026-10-04: ClinicalTrials.gov title and overall status (RECRUITING) confirmed. KCNT1 is explicitly named in conditions. Sponsor: Actio Biosciences, Inc.. Record last update posted: 2026-08-07; sponsor status last verified: 2026-08. Enrollment: 92 (estimated). This phase 1a study enrolls healthy adults aged 18-55, not people with KCNT1-related epilepsy. KCNT1 relevance is named in the record, but it is not a patient enrollment route.",yes,Varduhi,2026-10-04
KCNT1,clinical_trial,A First-in-human Study of S230815 in Pediatric Participants With KCNT1-related Developmental and Epileptic Encephalopathy (KANDLE),NCT07227857,https://clinicaltrials.gov/study/NCT07227857,RECRUITING,2026-10-04,"Direct primary-source review on 2026-10-04: ClinicalTrials.gov title and overall status (RECRUITING) confirmed. KCNT1 is explicitly named in identification, description, eligibility. Sponsor: Institut de Recherches Internationales Servier. Record last update posted: 2026-08-11; sponsor status last verified: 2026-08. Enrollment: 20 (estimated).",yes,Varduhi,2026-10-04
KCNT1,natural_history_study,Carvedilol repurposing observational study (KCNT1 channel inhibition),,https://www.kcnt1epilepsy.org/carvedilol/,enrolling,2026-10-04,"Direct primary-source review on 2026-10-04: KCNT1 Epilepsy Foundation confirms a carvedilol observational study and provides consent/contact instructions. Treatment is prescribed independently as routine clinical care; the project is not an interventional drug trial. REVIEW ISSUE: the source describes a drug-specific observational study, not a general natural history study. The existing asset_type=natural_history_study is retained for schema compatibility, so full-row verified remains no until the classification is resolved.",no,,
KCNT1,animal_model,"KCNT1 mouse model panel (L437F, R455H, Y777H, R409Q, P905L, knockout, conditional knockout)",,https://www.kcnt1epilepsy.org/request-biosamples/,active,2026-10-04,"Direct primary-source review on 2026-10-04: KCNT1 Epilepsy Foundation primary biosample page lists mouse variants L437F, R455H, Y777H, R409Q and P905L plus knockout and conditional-knockout models, explicitly distinguishing corresponding human variants. Requests are routed through the foundation for referral to the relevant model holders. Active means a current resource listing; individual stock and delivery availability are not confirmed.",yes,Varduhi,2026-10-04
KCNT1,animal_model,KCNT1 iPSC and fibroblast cell lines,,https://www.kcnt1epilepsy.org/request-biosamples/,active,2026-10-04,"Direct primary-source review on 2026-10-04: KCNT1 Epilepsy Foundation primary biosample page confirms KCNT1 iPSC and fibroblast cell lines, including p.Arg474His in both forms, and a request/referral process. REVIEW ISSUE: these are human cell models, not animal models. Existing asset_type=animal_model is retained for schema compatibility, but full-row verified remains no until an appropriate supported cell-model type is available. Per-line inventory is not confirmed.",no,,
SYNGAP1,natural_history_study,"ProMMiS (Prospective Multidisciplinary, Multisite Study for Clinical Excellence)",,https://curesyngap1.org/resources/studies/syngap1-prommis/,enrolling,2026-10-04,"Direct primary-source review on 2026-10-04: CURE SYNGAP1 primary ProMMiS page confirms a prospective multidisciplinary multisite natural history study and invites families to sign up. Listed sites include CHOP, Colorado and Stanford. Enrolling denotes the public recruitment invitation, not confirmed appointment availability. Source does not establish whether ProMMiS and STARR overlap; do not count them as independent cohorts without further evidence.",yes,Varduhi,2026-10-04
SYNGAP1,natural_history_study,Citizen Health SYNGAP1 natural history study,,https://www.citizen.health/join/syngap1,enrolling,2026-10-04,"Direct primary-source review on 2026-10-04: CURE SYNGAP1 explicitly identifies the Citizen Health Natural History Study and invites families to join: https://curesyngap1.org/join-the-registry/. Its Citizen redirect leads to this SYNGAP1 partner page, which offers signup and optional de-identified research sharing. The current landing page also promotes Ari; care-platform signup alone does not imply research consent. No dedicated NCT identifier or protocol is claimed.",yes,Varduhi,2026-10-04
SYNGAP1,clinical_trial,Fenfluramine for the Treatment of Different Types of Developmental and Epileptic Encephalopathies: a Pilot Trial Exploring Epileptic and Non-epileptic Outcomes (FENDEEP),NCT05232630,https://clinicaltrials.gov/study/NCT05232630,COMPLETED,2026-10-04,"Sponsor: Hospital Ruber Internacional (Spain); collaborator Zogenix. Phase 4. Multi-condition; SYNGAP1 is one subgroup. Also listed under STXBP1. Direct source check on 2026-10-04: title, overall status and SYNGAP1 presence confirmed on ClinicalTrials.gov. Both genes are named in the brief summary and conditions. Actual enrollment is 20 and actual study completion is 2024-12-31. Record last update posted: 2026-09-29.",yes,Varduhi,2026-10-04
SYNGAP1,biomarker,RASopathy Biorepository,NCT04395495,https://clinicaltrials.gov/study/NCT04395495,RECRUITING,2026-10-04,"Direct primary-source review on 2026-10-04: ClinicalTrials.gov title and overall status (RECRUITING) confirmed. SYNGAP1 is explicitly named in conditions. Sponsor: Children's Hospital Medical Center, Cincinnati. Record last update posted: 2025-12-18; sponsor status last verified: 2025-12. Enrollment: 1000 (estimated).",yes,Varduhi,2026-10-04
SYNGAP1,natural_history_study,STXBP1 and SYNGAP1 Related Disorders (RD) Natural History Study (STARR),NCT06555965,https://clinicaltrials.gov/study/NCT06555965,RECRUITING,2026-10-04,"Sponsor: Children's Hospital of Philadelphia; collaborator STXBP1 Foundation. PI: Ingo Helbig, MD. Multi-gene (STXBP1 + SYNGAP1), also listed under STXBP1. Possible overlap with ProMMiS (same CHOP site) - not confirmed. Direct source check on 2026-10-04: title, overall status and SYNGAP1 presence confirmed on ClinicalTrials.gov. Both genes are named in the official title, conditions, inclusion criteria and separate study cohorts. Record last update posted: 2025-10-29.",yes,Varduhi,2026-10-04
SYNGAP1,registry,Online Study of People Who Have Genetic Changes and Features of Autism: Simons Searchlight,NCT01238250,https://clinicaltrials.gov/study/NCT01238250,RECRUITING,2026-10-04,"Sponsor: Simons Searchlight. Multi-gene registry; SYNGAP1-Related Intellectual Disability is one of over 150 listed conditions. Also listed under STXBP1 and SCN2A. Direct source check on 2026-10-04: title, overall status and SYNGAP1 presence confirmed on ClinicalTrials.gov. STXBP1 Encephalopathy With Epilepsy, SCN2A Encephalopathy and SYNGAP1-Related Intellectual Disability are explicitly listed under Conditions. Record last update posted: 2026-07-23.",yes,Varduhi,2026-10-04
SYNGAP1,animal_model,SYNGAP1 iPS cell models and mouse models (resource lists),,https://curesyngap1.org/ips-cell-models/,active,2026-10-04,"Direct primary-source review on 2026-10-04: CURE SYNGAP1 primary page provides separate SYNGAP1 iPSC and mouse-model resource lists. The linked iPSC Google Sheet was opened and lists gene variants, sources and availability notes, including entries still in progress. The linked mouse PDF title was confirmed but its contents were not readable through the research reader; no specific mouse strain or inventory claim is made. Active denotes resource-list access; iPSCs are cell models, not animals. Lists: https://docs.google.com/spreadsheets/d/1ea5Tq-7A8OW7sGuvVDJ0XAZWRlnfMXNjKx2r83TWi0g/edit?usp=sharing and https://drive.google.com/file/d/1FFeUQBvPSexTcVRuMjpMGhimeT2ktzoE/view?usp=sharing.",yes,Varduhi,2026-10-04
CDKL5,registry,International CDKL5 Registry,NCT04486768,https://clinicaltrials.gov/study/NCT04486768,SUSPENDED,2026-10-04,"Direct primary-source review on 2026-10-04: ClinicalTrials.gov title and overall status (SUSPENDED) confirmed. CDKL5 is explicitly named in identification, conditions, description. Sponsor: University of Pennsylvania. Record last update posted: 2026-04-21; sponsor status last verified: 2026-04. Enrollment: 500 (estimated). Record reason for stopping: The Registry is being changed to a new online platform provider. The Registry will resume once the platform transfer has been completed. Registry is suspended while the online registry is transferred to a different platform; current registration is not supported by this record.",yes,Varduhi,2026-10-04
CDKL5,registry,International CDKL5 Disorder Database (ICDD),,https://rettregister.telethonkids.org.au/CDKL5/Register,enrolling,2026-10-04,"Direct primary-source review on 2026-10-04: Live Telethon Kids RettRegister page displays the International CDKL5 Disorder Registration Form, asks for CDKL5 mutation information and offers a Register button. Gene, database identity and available registration form confirmed. Enrolling denotes public registration-form access; no registration was submitted.",yes,Varduhi,2026-10-04
CDKL5,natural_history_study,International CDKL5 Clinical Research Network (ICCRN),NCT05558371,https://clinicaltrials.gov/study/NCT05558371,RECRUITING,2026-10-04,"Direct primary-source review on 2026-10-04: ClinicalTrials.gov title and overall status (RECRUITING) confirmed. CDKL5 is explicitly named in identification, conditions, description, eligibility. Sponsor: University of Colorado, Denver. Record last update posted: 2023-12-06; sponsor status last verified: 2023-12. Enrollment: 1000 (estimated).",yes,Varduhi,2026-10-04
CDKL5,natural_history_study,Observational Study in Patients With Cyclin-dependent Kinase-like 5 Deficiency Disorder (CANDID),NCT05373719,https://clinicaltrials.gov/study/NCT05373719,ACTIVE_NOT_RECRUITING,2026-10-04,"Direct primary-source review on 2026-10-04: ClinicalTrials.gov title and overall status (ACTIVE_NOT_RECRUITING) confirmed. CDKL5 is explicitly named in identification, conditions, eligibility. Sponsor: Loulou Foundation. Record last update posted: 2025-03-10; sponsor status last verified: 2025-03. Enrollment: 112 (actual).",yes,Varduhi,2026-10-04
CDKL5,clinical_trial,A Phase 3 Study to Examine the Efficacy and Safety of ZX008 in Subjects With CDKL5 Deficiency Disorder. (GEMZ),NCT05064878,https://clinicaltrials.gov/study/NCT05064878,ACTIVE_NOT_RECRUITING,2026-10-04,"Direct primary-source review on 2026-10-04: ClinicalTrials.gov title and overall status (ACTIVE_NOT_RECRUITING) confirmed. CDKL5 is explicitly named in identification, conditions, description, eligibility. Sponsor: Zogenix, Inc.. Record last update posted: 2026-04-29; sponsor status last verified: 2026-04. Enrollment: 87 (actual).",yes,Varduhi,2026-10-04
CDKL5,clinical_trial,Study of Adjunctive Ganaxolone Treatment in Children and Young Adults With CDKL5 Deficiency Disorder (Marigold),NCT03572933,https://clinicaltrials.gov/study/NCT03572933,COMPLETED,2026-10-04,"Direct primary-source review on 2026-10-04: ClinicalTrials.gov title and overall status (COMPLETED) confirmed. CDKL5 is explicitly named in identification, conditions, description, eligibility. Sponsor: Marinus Pharmaceuticals. Record last update posted: 2023-04-14; sponsor status last verified: 2023-04. Enrollment: 101 (actual).",yes,Varduhi,2026-10-04
CDKL5,clinical_trial,"Double-blind, Randomized, Placebo-controlled Trial of Ganaxolone in CDKL5 Deficiency Patients 6 Months to Less Than 2 Years Old",NCT05249556,https://clinicaltrials.gov/study/NCT05249556,NOT_YET_RECRUITING,2026-10-04,"Direct primary-source review on 2026-10-04: ClinicalTrials.gov title and overall status (NOT_YET_RECRUITING) confirmed. CDKL5 is explicitly named in identification, conditions, eligibility. Sponsor: Immedica Pharma AB. Record last update posted: 2026-08-05; sponsor status last verified: 2026-08. Enrollment: 20 (estimated).",yes,Varduhi,2026-10-04
CDKL5,clinical_trial,Fenfluramine in CDKL5 Deficiency Disorder (CDD),NCT03861871,https://clinicaltrials.gov/study/NCT03861871,COMPLETED,2026-10-04,"Direct primary-source review on 2026-10-04: ClinicalTrials.gov title and overall status (COMPLETED) confirmed. CDKL5 is explicitly named in identification, description, eligibility. Sponsor: NYU Langone Health. Record last update posted: 2023-10-04; sponsor status last verified: 2023-09. Enrollment: 7 (actual).",yes,Varduhi,2026-10-04
CDKL5,clinical_trial,Ataluren for Nonsense Mutation in CDKL5 and Dravet Syndrome,NCT02758626,https://clinicaltrials.gov/study/NCT02758626,COMPLETED,2026-10-04,"Direct primary-source review on 2026-10-04: ClinicalTrials.gov title and overall status (COMPLETED) confirmed. CDKL5 is explicitly named in identification, description, eligibility. Sponsor: NYU Langone Health. Record last update posted: 2023-02-16; sponsor status last verified: 2023-01. Enrollment: 15 (actual).",yes,Varduhi,2026-10-04
CDKL5,clinical_trial,A Study of Soticlestat in Adults and Children With Rare Epilepsies (Endymion 1),NCT03635073,https://clinicaltrials.gov/study/NCT03635073,TERMINATED,2026-10-04,"Direct primary-source review on 2026-10-04: ClinicalTrials.gov title and overall status (TERMINATED) confirmed. CDKL5 is explicitly named in identification. Sponsor: Takeda. Record last update posted: 2026-09-04; sponsor status last verified: 2026-08. Enrollment: 156 (actual). Record reason for stopping: Due to negative results from phase 3 SKYLINE and SKYWAY studies and unrelated to patient safety it has been determined that supplementary data from TAK-935-18-001 study is no longer necessary. Therefore, Takeda has made a decision to close this study CDKL5 deficiency disorder is explicitly named in the official title. This is an extension for participants from previous soticlestat studies.",yes,Varduhi,2026-10-04
CDKL5,clinical_trial,"A Multicenter, Open-label, Pilot Study of Soticlestat (TAK-935/OV935) in Participants With 15Q Duplication Syndrome (Dup 15q) or Cyclin-Dependent Kinase-Like 5 (CDKL5) Deficiency Disorder (ARCADE STUDY)",NCT03694275,https://clinicaltrials.gov/study/NCT03694275,COMPLETED,2026-10-04,"Direct primary-source review on 2026-10-04: ClinicalTrials.gov title and overall status (COMPLETED) confirmed. CDKL5 is explicitly named in identification, conditions, eligibility. Sponsor: Takeda. Record last update posted: 2026-09-10; sponsor status last verified: 2026-08. Enrollment: 20 (actual). The record lists Healx AI as a collaborator.",yes,Varduhi,2026-10-04
CDKL5,natural_history_study,The Association Between Fever and CDKL5 Deficiency Disorder: a Nationwide Survey,NCT06663163,https://clinicaltrials.gov/study/NCT06663163,COMPLETED,2026-10-04,"Direct primary-source review on 2026-10-04: ClinicalTrials.gov title and overall status (COMPLETED) confirmed. CDKL5 is explicitly named in identification, conditions, description, eligibility. Sponsor: Xuanwu Hospital, Beijing. Record last update posted: 2026-04-14; sponsor status last verified: 2026-04. Enrollment: 131 (actual).",yes,Varduhi,2026-10-04
CDKL5,clinical_trial,Efficacy and Safety Evaluation of Hyperthermic Baths in the Treatment of Seizures in CDKL5 Deficiency Disorder,NCT06447675,https://clinicaltrials.gov/study/NCT06447675,COMPLETED,2026-10-04,"Direct primary-source review on 2026-10-04: ClinicalTrials.gov title and overall status (COMPLETED) confirmed. CDKL5 is explicitly named in identification, conditions, description, eligibility. Sponsor: Xuanwu Hospital, Beijing. Record last update posted: 2026-04-15; sponsor status last verified: 2026-04. Enrollment: 8 (actual).",yes,Varduhi,2026-10-04
CDKL5,clinical_trial,Efficacy and Safety of Daily Home-based Hyperthermic Baths for Reducing Epileptic Seizures in CDKL5 Deficiency Disorder: A PROBE Clinical Trial,NCT07602205,https://clinicaltrials.gov/study/NCT07602205,NOT_YET_RECRUITING,2026-10-04,"Direct primary-source review on 2026-10-04: ClinicalTrials.gov title and overall status (NOT_YET_RECRUITING) confirmed. CDKL5 is explicitly named in identification, conditions, description, eligibility. Sponsor: Xuanwu Hospital, Beijing. Record last update posted: 2026-05-22; sponsor status last verified: 2026-05. Enrollment: 34 (estimated).",yes,Varduhi,2026-10-04
CDKL5,clinical_trial,Targeting the Gut to Improve Seizure Control in CDKL5 Deficiency Disorder (CDD) (NUTRIENT),NCT06448663,https://clinicaltrials.gov/study/NCT06448663,UNKNOWN,2026-10-04,"Direct primary-source review on 2026-10-04: ClinicalTrials.gov title and overall status (UNKNOWN) confirmed. CDKL5 is explicitly named in identification, conditions, eligibility. Sponsor: University of Milan. Record last update posted: 2024-06-07; sponsor status last verified: 2024-06. Enrollment: 20 (estimated). Current recruitment cannot be confirmed. Last known status: RECRUITING; old estimated completion dates do not establish actual completion.",yes,Varduhi,2026-10-04
CDKL5,clinical_trial,Ganaxolone Expanded Access Program Compassionate Use (CDD),NCT04678479,https://clinicaltrials.gov/study/NCT04678479,NO_LONGER_AVAILABLE,2026-10-04,"Direct primary-source review on 2026-10-04: ClinicalTrials.gov title and overall status (NO_LONGER_AVAILABLE) confirmed. CDKL5 is explicitly named in conditions, eligibility. Sponsor: Marinus Pharmaceuticals. Record last update posted: 2024-01-22; sponsor status last verified: 2024-01. REVIEW ISSUE: studyType is EXPANDED_ACCESS, not an interventional clinical trial. The title, CDKL5 condition and NO_LONGER_AVAILABLE status are confirmed, but this row cannot be fully verified under asset_type=clinical_trial. The existing type is retained for schema compatibility; do not present this as an available trial.",no,,
CDKL5,natural_history_study,Natural History of Rett Syndrome & Related Disorders,NCT02738281,https://clinicaltrials.gov/study/NCT02738281,COMPLETED,2026-10-04,"Direct primary-source review on 2026-10-04: ClinicalTrials.gov title and overall status (COMPLETED) confirmed. CDKL5 is explicitly named in conditions, description, eligibility. Sponsor: University of Alabama at Birmingham. Record last update posted: 2021-08-05; sponsor status last verified: 2021-08. Enrollment: 1044 (actual).",yes,Varduhi,2026-10-04
CDKL5,biomarker,Biobanking of Rett Syndrome and Related Disorders,NCT02705677,https://clinicaltrials.gov/study/NCT02705677,COMPLETED,2026-10-04,"Direct primary-source review on 2026-10-04: ClinicalTrials.gov title and overall status (COMPLETED) confirmed. CDKL5 is explicitly named in conditions, description, eligibility. Sponsor: University of Alabama at Birmingham. Record last update posted: 2021-08-05; sponsor status last verified: 2021-08. Enrollment: 752 (actual).",yes,Varduhi,2026-10-04
CDKL5,animal_model,Cdkl5 KO (B6.129(FVB)-Cdkl5tm1.1Joez/J),021967,https://www.jax.org/strain/021967,active,2026-10-04,"Direct primary-source review on 2026-10-04: Live JAX strain page confirms stock #021967, B6.129(FVB)-Cdkl5tm1.1Joez/J, common name Cdkl5 KO, and the CDKL5-related knockout model. The availability panel states Available / Live mice available in varying quantities. Active resource status is confirmed; exact quantities and lead times require supplier confirmation.",yes,Varduhi,2026-10-04
GNAO1,natural_history_study,GNAO1 Natural History Study,NCT04950946,https://clinicaltrials.gov/study/NCT04950946,UNKNOWN,2026-10-04,"Direct primary-source review on 2026-10-04: ClinicalTrials.gov title and overall status (UNKNOWN) confirmed. GNAO1 is explicitly named in identification, conditions, description, eligibility. Sponsor: Washington University School of Medicine. Record last update posted: 2021-07-06; sponsor status last verified: 2021-06. Enrollment: 50 (estimated). Current recruitment cannot be confirmed. Last known status: ENROLLING_BY_INVITATION; old estimated completion dates do not establish actual completion.",yes,Varduhi,2026-10-04
GNAO1,clinical_trial,Tianasen (ASO-GNAO1) for GNAO1-Encephalopathy With Epilepsy and Movement Disorders.,NCT07363603,https://clinicaltrials.gov/study/NCT07363603,RECRUITING,2026-10-04,"Direct primary-source review on 2026-10-04: ClinicalTrials.gov title and overall status (RECRUITING) confirmed. GNAO1 is explicitly named in identification, conditions, description, eligibility. Sponsor: Pirogov Russian National Research Medical University. Record last update posted: 2026-01-23; sponsor status last verified: 2025-09. Enrollment: 5 (estimated). Eligibility requires the specific GNAO1 c.607G>A variant with epilepsy and movement disorders; this is not a route for every GNAO1 variant.",yes,Varduhi,2026-10-04
GNAO1,clinical_trial,Prospective Pilot Trial to Address Feasibility and Safety of Oral Zinc in GNAO1 Associated Disorders (ZINCGNAO1),NCT06412653,https://clinicaltrials.gov/study/NCT06412653,COMPLETED,2026-10-04,"Direct primary-source review on 2026-10-04: ClinicalTrials.gov title and overall status (COMPLETED) confirmed. GNAO1 is explicitly named in identification, conditions, description, eligibility. Sponsor: Children's University Hospital Cologne, Germany. Record last update posted: 2026-02-03; sponsor status last verified: 2026-01. Enrollment: 13 (actual).",yes,Varduhi,2026-10-04
GNAO1,registry,GNAO1 International Patient Registry,,https://gnao1.org/gnao1-international-patient-registry/,unknown,2026-10-04,Direct primary-source review on 2026-10-04: Bow Foundation primary page is titled GNAO1 Registry and currently displays Update Coming Soon without a signup link. Gene and registry-page identity confirmed. Status remains unknown: current enrollment and operational availability cannot be established. Unverified historical launch and researcher details have been removed.,yes,Varduhi,2026-10-04
GNAO1,registry,Consensus-based follow-up and treatment registry for GNAO1-associated disorder (registry design recommendations; Heideman et al. 2026),doi:10.1111/dmcn.70201,https://doi.org/10.1111/dmcn.70201,unknown,2026-10-04,"Direct primary-source review on 2026-10-04: Wiley primary article confirms the title, GNAO1 scope, DOI and publication on 2026-02-13 (Developmental Medicine & Child Neurology 68:1316-1324). The study develops consensus domains and assessment instruments as a first step toward a future registry. REVIEW ISSUE: this is registry-design research, not evidence of an operational enrolling registry. Existing asset_type=registry is retained for schema compatibility and verified remains no; status remains unknown. Primary article: https://onlinelibrary.wiley.com/doi/10.1111/dmcn.70201.",no,,
