edge_id,gene,claim,quoted_span,pmid,about_this_gene,same_mechanism,human_patients,verdict,notes
M00011,CDKL5,loss of function / other (animal; disease: Developmental and epileptic encephalopathy 2),decreased KCC2 expression from p14 to p21,40060602,,,,,
M00016,CDKL5,unclear / other (animal; disease: unspecified),These findings support the potential for dysregulation of eCB signalling as a plausible mechanism and therapeutic target in CDD,38654472,,,,,
M00071,GNAO1,dominant negative / g protein signaling (in_vitro; disease: unspecified),"In primary neuronal culture, Gαo-G203R had a dominant-negative effect on neuronal activity and GABAB-dependent synaptic release.",40229422,,,,,
M00083,GNAO1,loss of function / g protein signaling (animal; disease: unspecified),"all three mutations tested (G42R, G203R and R209C) result in strong loss of function defects when evaluated as homozygous CRISPR alleles",34508586,,,,,
M00130,KCNQ2,unclear / potassium channel (animal; disease: unspecified),"Genetic alterations in these channels can disrupt this balance, leading to epilepsy and/or developmental impairments through gain-of-function (GoF) or loss-of-function (LoF) mechanisms.",41151066,,,,,
M00133,KCNQ2,"mixed / potassium channel (in_vitro; disease: Epileptic encephalopathy, early infantile, 7)","when compared to wild-type Kv7.2 channels, channels containing Kv7.2 A265V subunits displayed (1) reduced maximal current density; (2) decreased voltage-dependence of activation; and (3) an unusual inactivation process",40292751,,,,,
M00145,KCNQ2,"unclear / potassium channel (animal; disease: Epileptic encephalopathy, early infantile, 7)",Electrophysiology recordings in brain slices revealed a hyperexcitable phenotype for cortical layer 2/3 pyramidal neurons,39733957,,,,,
M00180,KCNT1,gain of function / potassium channel (in_vitro; disease: unspecified),"both F346L and R961H conferred gain-of-function phenotypes, with current densities significantly greater than WT.",42314303,,,,,
M00184,KCNT1,unclear / potassium channel (animal; disease: unspecified),"Genetic alterations in these channels can disrupt this balance, leading to epilepsy and/or developmental impairments through gain-of-function (GoF) or loss-of-function (LoF) mechanisms.",41151066,,,,,
M00243,KCNT1,gain of function / potassium channel (animal; disease: Developmental and epileptic encephalopathy 14),"Gain-of-function (GOF) mutations in humans lead cortical network hyperexcitability and seizures, as well as very severe intellectual disability.",36824888,,,,,
M00294,SCN1A,mixed / sodium channel (in_vitro; disease: unspecified),"Functional studies demonstrated mixed function properties for I1347T, I1347V, and I1347F",41718449,,,,,
M00295,SCN1A,loss of function / sodium channel (in_vitro; disease: unspecified),but complete loss-of-function for I1347N,41718449,,,,,
M00333,SCN2A,gain of function / sodium channel (in_vitro; disease: unspecified),iPSC-derived excitatory neurons expressing the disease variant showed greater firing at higher stimuli compared to the isogenic control neurons,42239050,,,,,
M00345,SCN2A,gain of function / sodium channel (animal; disease: unspecified),although Igp alone increases excitability and partially offsets this reduction.,41724236,,,,,
M00429,SCN8A,loss of function / sodium channel (animal; disease: unspecified),"Cardiac-specific deletion of NaV 1.6 protects adult DS mice from increased T-tubular late NaV activity and the resulting arrhythmias, as well as sudden death.",38430092,,,,,
M00434,SCN8A,loss of function / sodium channel (in_vitro; disease: unspecified),but decreased by p.Glu1201Lys.,38251463,,,,,
M00465,STXBP1,loss of function / other (animal; disease: unspecified),This phenotypic aggravation was associated with a significant increase in detergent-insoluble αSyn levels in the head.,38692286,,,,,
M00466,STXBP1,loss of function / other (animal; disease: unspecified),Rop haploinsufficiency exacerbates αSyn-induced neurotoxicity by altering the αSyn aggregation propensity.,38692286,,,,,
M00511,SYNGAP1,loss of function / synaptic signaling (animal; disease: unspecified),SynGAP haploinsufficiency selectively reduced SynGAP-containing complexes without broadly disrupting NMDA-dependent network responses.,41573887,,,,,
M00539,SYNGAP1,loss of function / other (animal; disease: unspecified),"Rats heterozygous for this deletion exhibit reduced exploration and fear extinction, altered social investigation, and spontaneous seizures",39269903,,,,,
