gene,organization_name,url,country,has_registry,registry_url,date_checked,notes,verified,verified_by,verified_at
STXBP1,STXBP1 Foundation,https://www.stxbp1disorders.org/,"United States (Holly Springs, NC)",yes,https://stxbp1.rare-x.org,2026-10-04,"Address: Contact page (PO Box 1148, Holly Springs, NC). Registry/data platforms promoted on Clinical Trials & Research page: RARE-X (registry_url), Simons Searchlight (https://research.simonssearchlight.org/account/create), Citizen Health (https://www.stxbp1disorders.org/citizen-health). Also runs STARR natural history study, NCT06555965 (goes in assets.csv).",yes,Varduhi,2026-10-04
STXBP1,European STXBP1 Consortium (ESCO),https://stxbp1eu.org/,"Multi-country (Belgium, Denmark, France, Germany, Israel, Italy, Netherlands, Spain)",yes,https://stxbp1eu.org/esco-patient-registry/,2026-10-04,"No self-serve sign-up link: family signs a consent form, then a link is sent to the family and their doctor (contact esco@stxbp1eu.org). Registry contains ESCO natural history study (NCT06625112). Investigator-led consortium with families, not a pure parent group.",yes,Varduhi,2026-10-04
SCN2A,FamilieSCN2A Foundation,https://www.scn2a.org/,"United States (Gettysburg, PA)",yes,https://app.iamrare.org/home/create/?stid=119,2026-10-04,"Address: homepage (P.O. Box 4260, Gettysburg, PA). Registry = DRAGONFLY Study on NORD IAMRARE (info: https://scn2a.iamrare.org/); registry_url is the direct Register link.",yes,Varduhi,2026-10-04
SCN8A,The Cute Syndrome Foundation,https://thecutesyndrome.com/,United States,yes,https://redcap.uahs.arizona.edu/surveys/?s=JXAMENRMLM,2026-10-04,"No street address on site (US 501(c)(3), EIN 46-2699066). Registry is not their own: Research page points families to the SCN8A Registry (Hammer Lab, University of Arizona) and to Citizen Health.",yes,Varduhi,2026-10-04
SCN8A,Shay Emma Hammer Research Foundation (SEHRF),https://shaysgift.org/,"United States (Tucson, AZ)",yes,https://redcap.uahs.arizona.edu/surveys/?s=JXAMENRMLM,2026-10-04,"Address: shaysgift.org (BIO5 Institute, University of Arizona, Tucson). Runs the International SCN8A Registry; portal https://scn8a.net/, registry_url is the direct 'Join the Registry' REDCap link.",yes,Varduhi,2026-10-04
KCNQ2,KCNQ2 Cure Alliance,https://www.kcnq2cure.org/,"United States (Denver, CO)",yes,https://ari.citizenhealth.com/?utm_medium=web&utm_channel=webflow_landing_page&utm_campaign=hybrid_ari_pag_landing_page&utm_source=kcnq2,2026-10-04,"Address: site footer (3700 Quebec St, Denver, CO). registry_url = actual sign-up button target on the Citizen Health KCNQ2 partner page (https://www.citizen.health/partners/kcnq2). Note: that page now mainly promotes Ari, an AI care companion; joining the digital natural history study is an optional research-consent step after sign-up. Recruiting Research Studies page also lists KCNQ2 Portal & Phenotype (https://redcap.uth.tmc.edu/surveys/?s=FY3KMX7T7CPN8HFT) and KCNQ2 Speech & Feeding Study (https://redcap.mcri.edu.au/surveys/?s=8TPPXXRERF3NRJ38).",yes,Varduhi,2026-10-04
KCNT1,KCNT1 Epilepsy Foundation,https://www.kcnt1epilepsy.org/,"United States (Scottsdale, AZ)",yes,https://app.iamrare.org/home/create/?stid=154,2026-10-04,"Address: registry page sponsor section (Scottsdale, AZ). KCNT1 International Registry, managed by the foundation on NORD IAMRARE (info: https://kcnt1.iamrare.org/); registry_url is the direct Register link.",yes,Varduhi,2026-10-04
SYNGAP1,CURE SYNGAP1 (SynGAP Research Fund),https://curesyngap1.org/,United States (California),yes,https://ari.citizenhealth.com/?utm_medium=web&utm_channel=webflow_landing_page&utm_campaign=hybrid_ari_pag_landing_page&utm_source=syngap1,2026-10-04,"Site footer: 501(c)(3) headquartered in California. CURE SYNGAP1 'Join the Registry' page sends families to cureSYNGAP1.org/Citizen, which redirects to a Citizen Health landing page (https://www.citizen.health/join/syngap1); registry_url = that page's sign-up button target. The landing page now mainly promotes Ari, an AI care companion; sharing data for the natural history study is an optional research consent. Site also has a 'Join ProMMiS' study page and country pages (UK, EU, LATAM, Australia, etc.).",yes,Varduhi,2026-10-04
CDKL5,International Foundation for CDKL5 Research (IFCR),https://cdkl5.com/,"United States (Wadsworth, OH)",yes,https://app.etapestry.com/onlineforms/InternationalFoundationforCdk/connect.html,2026-10-04,"Address: Contact page (P.O. Box 926, Wadsworth, OH). registry_url = Connect CDKL5 sign-up (contact registry). Also International CDKL5 Disorder Database (ICDD, Telethon Kids Institute): https://rettregister.telethonkids.org.au/CDKL5/Register",yes,Varduhi,2026-10-04
CDKL5,CDKL5 UK,https://curecdkl5.org.uk/,United Kingdom,yes,,2026-10-04,"Parent-run UK charity (Reg. 1207922). Links to the International CDKL5 Patient Registry run by Orphan Disease Center / Penn (with LouLou Foundation). The registration link (healthie.pulseinfoframe.com) is invalid/broken, and the ODC overview page contains no active self-serve sign-up form. Left registry_url empty.",yes,Varduhi,2026-10-04
CDKL5,Australian Foundation for CDKL5 Research (AFCR),https://afcr.org.au/,"Australia (Geelong West, VIC)",unknown,,2026-10-04,"Address: homepage footer (2/84 Shannon Ave, Geelong West). Focus on CDKL5 Deficiency Disorder plus other rare genetic epilepsies. No registry found on site.",yes,Varduhi,2026-10-04
CDKL5,CDKL5 Alliance Francophone,https://cdkl5.fr/,"France (Longpont-sur-Orge; also serves Belgium, Luxembourg)",yes,https://rettregister.telethonkids.org.au/CDKL5/Register,2026-10-04,Address: Mentions légales page. Association loi 1901 founded 2017. Registry is not their own: database page links to the International CDKL5 Database (IFCR + Telethon Kids Institute).,yes,Varduhi,2026-10-04
GNAO1,The Bow Foundation,https://gnao1.org/,United States,yes,,2026-10-04,"GNAO1 International Patient Registry exists (launched 2018, led by Dr. Erika Axeen at UVA), but there is currently no direct public self-serve registration link on gnao1.org/research/ (registry page states 'Update Coming Soon'). Left registry_url empty to avoid non-registration URLs.",yes,Varduhi,2026-10-04
GNAO1,Famiglie GNAO1,https://gnao1.it/?lang=en,Italy,unknown,,2026-10-04,"Italian family association (APS, founded 2019). No registry found; site shows a map of families in contact with the association.",yes,Varduhi,2026-10-04
GNAO1,Stichting GNAO1 NL,https://gnao1.nl/,Netherlands,unknown,,2026-10-04,"Dutch foundation funding GNAO1 research. Site news (Feb 2026) cites a Dutch paper describing a GNAO1 follow-up and treatment registry (Dev Med Child Neurol 2026, doi:10.1111/dmcn.70201); not clear if families can sign up.",yes,Varduhi,2026-10-04
