a,a_name,b,b_name,similarity,top_shared_phenotypes
OMIM:612164,Developmental and epileptic encephalopathy 4,OMIM:615473,Developmental and epileptic encephalopathy 17,0.485,EEG with burst suppression; Generalized tonic seizure; Epileptic encephalopathy; Hypsarrhythmia; Athetosis
OMIM:614959,Developmental and epileptic encephalopathy 14,OMIM:615473,Developmental and epileptic encephalopathy 17,0.444,Focal tonic seizure; Generalized tonic seizure; Epileptic encephalopathy; Delayed CNS myelination; Interictal epileptiform activity
OMIM:614558,"Epileptic encephalopathy, early infantile, 13",OMIM:607208,"Epileptic encephalopathy, early infantile, 6 (Dravet syndrome)",0.381,Generalized clonic seizure; Focal hemiclonic seizure; Epileptic encephalopathy; Generalized non-motor (absence) seizure; Secondary microcephaly
OMIM:613720,"Epileptic encephalopathy, early infantile, 7",OMIM:615473,Developmental and epileptic encephalopathy 17,0.354,EEG with burst suppression; Epileptic encephalopathy; Hypoplasia of the corpus callosum; Dystonia; Global developmental delay
OMIM:612164,Developmental and epileptic encephalopathy 4,OMIM:614959,Developmental and epileptic encephalopathy 14,0.34,Generalized tonic seizure; Epileptic encephalopathy; Status epilepticus; Delayed CNS myelination; Interictal epileptiform activity
OMIM:614558,"Epileptic encephalopathy, early infantile, 13",OMIM:614959,Developmental and epileptic encephalopathy 14,0.304,Generalized clonic seizure; Focal tonic seizure; Focal clonic seizure; Epileptic encephalopathy; Non-motor seizure
OMIM:612164,Developmental and epileptic encephalopathy 4,OMIM:613720,"Epileptic encephalopathy, early infantile, 7",0.303,EEG with burst suppression; Epileptic encephalopathy; Hypoplasia of the corpus callosum; Appendicular spasticity; Weakness due to upper motor neuron dysfunction
OMIM:614558,"Epileptic encephalopathy, early infantile, 13",OMIM:612621,"Intellectual developmental disorder, autosomal dominant 5",0.281,Epileptic encephalopathy; Generalized non-motor (absence) seizure; Developmental regression; Bilateral tonic-clonic seizure; EEG abnormality
OMIM:614558,"Epileptic encephalopathy, early infantile, 13",OMIM:615473,Developmental and epileptic encephalopathy 17,0.273,Focal tonic seizure; Epileptic encephalopathy; Generalized-onset motor seizure; EEG with generalized epileptiform discharges; Cerebral atrophy
OMIM:612621,"Intellectual developmental disorder, autosomal dominant 5",OMIM:607208,"Epileptic encephalopathy, early infantile, 6 (Dravet syndrome)",0.251,Epileptic encephalopathy; Generalized non-motor (absence) seizure; Moderate intellectual disability; Developmental regression; Bilateral tonic-clonic seizure
OMIM:614959,Developmental and epileptic encephalopathy 14,OMIM:607208,"Epileptic encephalopathy, early infantile, 6 (Dravet syndrome)",0.248,Generalized clonic seizure; Focal clonic seizure; Epileptic encephalopathy; Status epilepticus; Non-motor seizure
OMIM:613720,"Epileptic encephalopathy, early infantile, 7",OMIM:614959,Developmental and epileptic encephalopathy 14,0.242,Epileptic encephalopathy; Tetraplegia/tetraparesis; Interictal epileptiform activity; Hypoplasia of the corpus callosum; Spasticity
OMIM:612164,Developmental and epileptic encephalopathy 4,OMIM:614558,"Epileptic encephalopathy, early infantile, 13",0.236,Profound intellectual disability; Epileptic encephalopathy; Tonic seizure; Epileptic spasm; Generalized-onset motor seizure
OMIM:613721,"Epileptic encephalopathy, early infantile, 11",OMIM:613720,"Epileptic encephalopathy, early infantile, 7",0.226,Epileptic encephalopathy; Appendicular spasticity; Global developmental delay; Aplasia/Hypoplasia involving the central nervous system; Seizure
OMIM:607745,"Seizures, benign familial infantile, 3",OMIM:617080,"Seizures, benign familial infantile, 5",0.221,Focal impaired awareness seizure; Bilateral tonic-clonic seizure
OMIM:612164,Developmental and epileptic encephalopathy 4,OMIM:613721,"Epileptic encephalopathy, early infantile, 11",0.219,Epileptic encephalopathy; Spastic tetraplegia; Status epilepticus; Severe global developmental delay; Severe intellectual disability
OMIM:614558,"Epileptic encephalopathy, early infantile, 13",OMIM:300672,Developmental and epileptic encephalopathy 2,0.218,Progressive microcephaly; Profound intellectual disability; Epileptic encephalopathy; Epileptic spasm; Generalized-onset motor seizure
OMIM:614959,Developmental and epileptic encephalopathy 14,OMIM:300672,Developmental and epileptic encephalopathy 2,0.202,Reduced eye contact; Epileptic encephalopathy; Generalized-onset motor seizure; Interictal epileptiform activity; Developmental regression
OMIM:613720,"Epileptic encephalopathy, early infantile, 7",OMIM:612621,"Intellectual developmental disorder, autosomal dominant 5",0.201,Epileptic encephalopathy; EEG abnormality; Dystonia; Aplasia/Hypoplasia of the cerebrum; Hypotonia
OMIM:613721,"Epileptic encephalopathy, early infantile, 11",OMIM:612621,"Intellectual developmental disorder, autosomal dominant 5",0.2,Epileptic encephalopathy; Bilateral tonic-clonic seizure; Autistic behavior; Brain atrophy; Global developmental delay
OMIM:614558,"Epileptic encephalopathy, early infantile, 13",OMIM:121200,"Seizures, benign familial neonatal, 1",0.198,Focal clonic seizure; Febrile seizure (within the age range of 3 months to 6 years); Bilateral tonic-clonic seizure; Motor delay; Global developmental delay
OMIM:613721,"Epileptic encephalopathy, early infantile, 11",OMIM:614558,"Epileptic encephalopathy, early infantile, 13",0.193,Bilateral tonic-clonic seizure with focal onset; Epileptic encephalopathy; Severe intellectual disability; Autistic behavior; Brain atrophy
OMIM:612164,Developmental and epileptic encephalopathy 4,OMIM:607208,"Epileptic encephalopathy, early infantile, 6 (Dravet syndrome)",0.193,Epileptic encephalopathy; Generalized myoclonic seizure; Status epilepticus; Developmental regression; Severe intellectual disability
OMIM:612164,Developmental and epileptic encephalopathy 4,OMIM:300672,Developmental and epileptic encephalopathy 2,0.193,Profound intellectual disability; Epileptic encephalopathy; Generalized myoclonic seizure; Hypsarrhythmia; Epileptic spasm
OMIM:614959,Developmental and epileptic encephalopathy 14,OMIM:612621,"Intellectual developmental disorder, autosomal dominant 5",0.189,Epileptic encephalopathy; Non-motor seizure; Developmental regression; Generalized-onset seizure; EEG abnormality
OMIM:612621,"Intellectual developmental disorder, autosomal dominant 5",OMIM:615473,Developmental and epileptic encephalopathy 17,0.188,Epileptic encephalopathy; Generalized-onset seizure; EEG abnormality; Dystonia; Brain atrophy
OMIM:300672,Developmental and epileptic encephalopathy 2,OMIM:615473,Developmental and epileptic encephalopathy 17,0.182,Epileptic encephalopathy; Hypsarrhythmia; Generalized-onset motor seizure; Focal-onset seizure; Inability to walk
OMIM:612164,Developmental and epileptic encephalopathy 4,OMIM:612621,"Intellectual developmental disorder, autosomal dominant 5",0.181,Epileptic encephalopathy; Developmental regression; Generalized-onset seizure; Bilateral tonic-clonic seizure; EEG abnormality
OMIM:615473,Developmental and epileptic encephalopathy 17,OMIM:607208,"Epileptic encephalopathy, early infantile, 6 (Dravet syndrome)",0.179,Focal motor seizure; Epileptic encephalopathy; Generalized-onset motor seizure; Cerebral atrophy; Aplasia/Hypoplasia of the cerebrum
OMIM:614558,"Epileptic encephalopathy, early infantile, 13",OMIM:613720,"Epileptic encephalopathy, early infantile, 7",0.178,Epileptic encephalopathy; EEG with generalized epileptiform discharges; Aplasia/Hypoplasia of the cerebrum; Hypotonia; Global developmental delay
OMIM:613721,"Epileptic encephalopathy, early infantile, 11",OMIM:607208,"Epileptic encephalopathy, early infantile, 6 (Dravet syndrome)",0.176,Epileptic encephalopathy; Status epilepticus; Focal-onset seizure; Severe intellectual disability; Bilateral tonic-clonic seizure
OMIM:300672,Developmental and epileptic encephalopathy 2,OMIM:607208,"Epileptic encephalopathy, early infantile, 6 (Dravet syndrome)",0.173,Epileptic encephalopathy; Generalized myoclonic seizure; Cerebral visual impairment; Secondary microcephaly; Developmental regression
OMIM:612621,"Intellectual developmental disorder, autosomal dominant 5",OMIM:300672,Developmental and epileptic encephalopathy 2,0.16,Epileptic encephalopathy; Developmental regression; Generalized-onset seizure; EEG abnormality; Microcephaly
OMIM:121200,"Seizures, benign familial neonatal, 1",OMIM:607208,"Epileptic encephalopathy, early infantile, 6 (Dravet syndrome)",0.156,Focal clonic seizure; Bilateral tonic-clonic seizure; Motor delay; Global developmental delay
OMIM:617080,"Seizures, benign familial infantile, 5",OMIM:121200,"Seizures, benign familial neonatal, 1",0.145,Focal-onset seizure; Bilateral tonic-clonic seizure; Abnormality of movement
OMIM:613720,"Epileptic encephalopathy, early infantile, 7",OMIM:300672,Developmental and epileptic encephalopathy 2,0.141,Epileptic encephalopathy; EEG with generalized epileptiform discharges; Aplasia/Hypoplasia of the cerebrum; Hypotonia; Global developmental delay
OMIM:613721,"Epileptic encephalopathy, early infantile, 11",OMIM:615473,Developmental and epileptic encephalopathy 17,0.134,Epileptic encephalopathy; Focal-onset seizure; Brain atrophy; Global developmental delay; Aplasia/Hypoplasia involving the central nervous system
OMIM:613721,"Epileptic encephalopathy, early infantile, 11",OMIM:614959,Developmental and epileptic encephalopathy 14,0.132,Epileptic encephalopathy; Status epilepticus; Focal-onset seizure; Brain atrophy; Spasticity
OMIM:614558,"Epileptic encephalopathy, early infantile, 13",OMIM:607745,"Seizures, benign familial infantile, 3",0.118,Bilateral tonic-clonic seizure with focal onset; Dialeptic seizure; Interictal EEG abnormality; Neurodevelopmental abnormality
OMIM:613720,"Epileptic encephalopathy, early infantile, 7",OMIM:607208,"Epileptic encephalopathy, early infantile, 6 (Dravet syndrome)",0.107,Epileptic encephalopathy; Upper motor neuron dysfunction; Aplasia/Hypoplasia of the cerebrum; Global developmental delay; Seizure
OMIM:613721,"Epileptic encephalopathy, early infantile, 11",OMIM:617080,"Seizures, benign familial infantile, 5",0.105,Focal-onset seizure; Bilateral tonic-clonic seizure; Abnormal central motor function; Abnormality of movement
OMIM:613721,"Epileptic encephalopathy, early infantile, 11",OMIM:607745,"Seizures, benign familial infantile, 3",0.105,Bilateral tonic-clonic seizure with focal onset; Neurodevelopmental abnormality
OMIM:613721,"Epileptic encephalopathy, early infantile, 11",OMIM:121200,"Seizures, benign familial neonatal, 1",0.104,Focal-onset seizure; Bilateral tonic-clonic seizure; Global developmental delay; Abnormality of movement
OMIM:613720,"Epileptic encephalopathy, early infantile, 7",OMIM:607745,"Seizures, benign familial infantile, 3",0.1,Interictal EEG abnormality; Seizure; Neurodevelopmental abnormality
OMIM:615473,Developmental and epileptic encephalopathy 17,OMIM:121200,"Seizures, benign familial neonatal, 1",0.095,Focal motor seizure; Global developmental delay; Abnormality of movement
OMIM:614959,Developmental and epileptic encephalopathy 14,OMIM:121200,"Seizures, benign familial neonatal, 1",0.095,Focal clonic seizure; Global developmental delay; Abnormality of movement
OMIM:617080,"Seizures, benign familial infantile, 5",OMIM:607208,"Epileptic encephalopathy, early infantile, 6 (Dravet syndrome)",0.091,Focal impaired awareness seizure; Bilateral tonic-clonic seizure; Abnormal central motor function
OMIM:607745,"Seizures, benign familial infantile, 3",OMIM:121200,"Seizures, benign familial neonatal, 1",0.091,Focal-onset seizure; Bilateral tonic-clonic seizure; Neurodevelopmental abnormality
OMIM:615473,Developmental and epileptic encephalopathy 17,OMIM:607745,"Seizures, benign familial infantile, 3",0.089,Interictal EEG abnormality; Focal-onset seizure; Neurodevelopmental abnormality
OMIM:612621,"Intellectual developmental disorder, autosomal dominant 5",OMIM:607745,"Seizures, benign familial infantile, 3",0.089,Dialeptic seizure; Bilateral tonic-clonic seizure; EEG abnormality; Neurodevelopmental abnormality
OMIM:613721,"Epileptic encephalopathy, early infantile, 11",OMIM:300672,Developmental and epileptic encephalopathy 2,0.083,Epileptic encephalopathy; Focal-onset seizure; Atypical behavior; Global developmental delay; Aplasia/Hypoplasia involving the central nervous system
OMIM:607745,"Seizures, benign familial infantile, 3",OMIM:607208,"Epileptic encephalopathy, early infantile, 6 (Dravet syndrome)",0.075,Focal impaired awareness seizure; Bilateral tonic-clonic seizure; Neurodevelopmental abnormality
OMIM:300672,Developmental and epileptic encephalopathy 2,OMIM:607745,"Seizures, benign familial infantile, 3",0.068,Interictal EEG abnormality; Focal-onset seizure; Abnormal pattern of respiration; Neurodevelopmental abnormality
OMIM:612621,"Intellectual developmental disorder, autosomal dominant 5",OMIM:617080,"Seizures, benign familial infantile, 5",0.068,Dialeptic seizure; Bilateral tonic-clonic seizure; Abnormal central motor function; Abnormality of movement
OMIM:612621,"Intellectual developmental disorder, autosomal dominant 5",OMIM:121200,"Seizures, benign familial neonatal, 1",0.064,Bilateral tonic-clonic seizure; Motor delay; Global developmental delay; Abnormality of movement
OMIM:615473,Developmental and epileptic encephalopathy 17,OMIM:617080,"Seizures, benign familial infantile, 5",0.06,Focal-onset seizure; Involuntary movements
OMIM:612164,Developmental and epileptic encephalopathy 4,OMIM:607745,"Seizures, benign familial infantile, 3",0.06,Interictal EEG abnormality; Bilateral tonic-clonic seizure; Neurodevelopmental abnormality
OMIM:614959,Developmental and epileptic encephalopathy 14,OMIM:607745,"Seizures, benign familial infantile, 3",0.056,Interictal EEG abnormality; Focal-onset seizure; Neurodevelopmental abnormality
OMIM:614558,"Epileptic encephalopathy, early infantile, 13",OMIM:617080,"Seizures, benign familial infantile, 5",0.053,Dialeptic seizure; Focal-onset seizure; Bilateral tonic-clonic seizure
OMIM:613720,"Epileptic encephalopathy, early infantile, 7",OMIM:121200,"Seizures, benign familial neonatal, 1",0.05,Global developmental delay; Seizure; Abnormality of movement
OMIM:612164,Developmental and epileptic encephalopathy 4,OMIM:121200,"Seizures, benign familial neonatal, 1",0.045,Bilateral tonic-clonic seizure; Motor seizure; Global developmental delay; Abnormality of movement
OMIM:613720,"Epileptic encephalopathy, early infantile, 7",OMIM:617080,"Seizures, benign familial infantile, 5",0.041,Seizure; Abnormal central motor function; Abnormality of movement
OMIM:300672,Developmental and epileptic encephalopathy 2,OMIM:121200,"Seizures, benign familial neonatal, 1",0.038,Focal-onset seizure; Motor seizure; Global developmental delay; Abnormality of movement
OMIM:612164,Developmental and epileptic encephalopathy 4,OMIM:617080,"Seizures, benign familial infantile, 5",0.038,Bilateral tonic-clonic seizure; Involuntary movements
OMIM:614959,Developmental and epileptic encephalopathy 14,OMIM:617080,"Seizures, benign familial infantile, 5",0.035,Focal-onset seizure; Involuntary movements
OMIM:300672,Developmental and epileptic encephalopathy 2,OMIM:617080,"Seizures, benign familial infantile, 5",0.031,Focal-onset seizure; Involuntary movements
